{
  "en-US": {
    "textColors": "Text Colors",
    "metricNames": "Metric Names",
    "timeText": "Time Text",
    "valueText": "Value Text",
    "lines": "Lines",
    "colorMappings": "Color Mappings",
    "addCurrentValues": "Add Current Values",
    "showMetricNames": "Show Metric Names",
    "transitionCount": "Transition Count",
    "distinctValuesCount": "Distinct Values Count",
    "legendFontsize": "Legend Font size",
    "sortBy": "Sort By",
    "percentDecimals": "Percent Decimals",
    "showTime": "Show Time",
    "showCounts": "Show Counts",
    "showPercent": "Show Percent",
    "showTimeAxis": "Show Time Axis",
    "rangeMappings": "Range Mappings",
    "numericConversion": "Numeric Conversion",
    "rowHeight": "Row Height",
    "hoverTooltip": "Hover tooltip",
    "expandfromquery": "Extended query",
    "expandfromqueryInfo":
      "This expands the query to include the time before the normal query range",
    "seconds": "Seconds",
    "writeLastValue": "Write Last Value",
    "writeMetricNames": "Write Metric Names",
    "writeAllValues": "Write All Values",
    "nullValues": "Null Values",
    "highlightOnHover": "Highlight on Hover",
    "addaColorMapping": "Add a Color mapping",
    "Tip_1": "Font size adjust with window size",
    "Showtimeline": "Show timeline",
    "Tip_2": "Override automatic decimal precision",
    "Mappings": "Mappings"
  },
  "zh-CN": {
    "textColors": "文本颜色",
    "valueText": "值",
    "timeText": "时间",
    "metricNames": "指标名称",
    "lines": "线条",
    "colorMappings": "颜色匹配",
    "addCurrentValues": "添加当前值",
    "showMetricNames": "显示指标名称",
    "transitionCount": "转换计数",
    "distinctValuesCount": "差异数据个数",
    "legendFontsize": "图例字体大小",
    "sortBy": "排序方式",
    "percentDecimals": "百分比小数位数",
    "showTime": "显示时间",
    "showCounts": "显示个数",
    "showPercent": "显示百分比",
    "showTimeAxis": "显示时间轴",
    "rangeMappings": "范围匹配",
    "numericConversion": "数制转换",
    "rowHeight": "行高",
    "hoverTooltip": "悬浮提示",
    "expandfromquery": "扩展查询",
    "expandfromqueryInfo": "这将扩展查询以包括正常查询范围之前的时间",
    "seconds": "秒",
    "writeLastValue": "显示最后一个值",
    "writeMetricNames": "显示指标名称",
    "writeAllValues": "显示所有值",
    "nullValues": "显示 null 值",
    "highlightOnHover": "悬浮时高亮",
    "addaColorMapping": "添加一条颜色匹配",
    "Tip_1": "字体大小随窗口大小调整",
    "Showtimeline": "显示时间轴",
    "Tip_2": "覆盖自动十进制精度",
    "Mappings": "映射"
  },
  "zh-TW": {
    "textColors": "文本顏色",
    "valueText": "值",
    "timeText": "時間",
    "metricNames": "指標名稱",
    "lines": "線條",
    "colorMappings": "顏色匹配",
    "addCurrentValues": "添加當前值",
    "showMetricNames": "顯示指標名稱",
    "transitionCount": "轉換計數",
    "distinctValuesCount": "差異數據個數",
    "legendFontsize": "圖例字體大小",
    "sortBy": "排序方式",
    "percentDecimals": "百分比小數位數",
    "showTime": "顯示時間",
    "showCounts": "顯示個數",
    "showPercent": "顯示百分比",
    "showTimeAxis": "顯示時間軸",
    "rangeMappings": "範圍匹配",
    "numericConversion": "數制轉換",
    "rowHeight": "行高",
    "hoverTooltip": "懸浮提示",
    "expandfromquery": "擴展査詢",
    "expandfromqueryInfo": "這將擴展査詢以包括正常查詢範圍之前的時間",
    "seconds": "秒",
    "writeLastValue": "顯示最後一個值",
    "writeMetricNames": "顯示指標名稱",
    "writeAllValues": "顯示所有值",
    "nullValues": "顯示 null 值",
    "highlightOnHover": "懸浮時高亮",
    "addaColorMapping": "添加一條顏色匹配",
    "Tip_1": "字體大小隨視窗大小調整",
    "Showtimeline": "顯示時間軸",
    "Tip_2": "覆蓋自動十進位精度",
    "Mappings": "映射"
  },
  "ja-JP": {
    "metricNames": "Metric Names",
    "valueText": "Value Text",
    "timeText": "Time Text",
    "textColors": "Text Colors",
    "lines": "Lines",
    "colorMappings": "Color Mappings",
    "addCurrentValues": "Add Current Values",
    "showMetricNames": "Show Metric Names",
    "transitionCount": "Transition Count",
    "distinctValuesCount": "Distinct Values Count",
    "legendFontsize": "Legend Font size",
    "sortBy": "Sort By",
    "percentDecimals": "Percent Decimals",
    "showTime": "Show Time",
    "showCounts": "Show Counts",
    "showPercent": "Show Percent",
    "showTimeAxis": "Show Time Axis",
    "rangeMappings": "Range Mappings",
    "numericConversion": "Numeric Conversion",
    "rowHeight": "Row Height",
    "hoverTooltip": "Hover tooltip",
    "expandfromquery": "Extended query",
    "expandfromqueryInfo":
      "This expands the query to include the time before the normal query range",
    "seconds": "Seconds",
    "writeLastValue": "Write Last Value",
    "writeMetricNames": "Write Metric Names",
    "writeAllValues": "Write All Values",
    "nullValues": "Null Values",
    "highlightOnHover": "Highlight on Hover",
    "addaColorMapping": "Add a Color mapping",
    "Tip_1": "Font size adjust with window size",
    "Showtimeline": "Show timeline",
    "Tip_2": "Override automatic decimal precision",
    "Mappings": "Mappings"
  }
}
